{
  "project_info": {
    "project_number": "385693547865",
    "project_id": "mantis-social",
    "storage_bucket": "mantis-social.appspot.com"
  },
  "client": [
    {
      "client_info": {
        "mobilesdk_app_id": "1:385693547865:android:f380d54753fe327cd1a048",
        "android_client_info": {
          "package_name": "com.flutterlab.mantissocial"
        }
      },
      "oauth_client": [
        {
          "client_id": "385693547865-0acl5b1qos0caeg5ah08td1rrjjiufgv.apps.googleusercontent.com",
          "client_type": 1,
          "android_info": {
            "package_name": "com.flutterlab.mantissocial",
            "certificate_hash": "da44b8e5a9af6d74d2089017e0235848f1ac3d16"
          }
        },
        {
          "client_id": "385693547865-8345fkttedhv4ovv2993q1ebqqmecu0f.apps.googleusercontent.com",
          "client_type": 3
        }
      ],
      "api_key": [
        {
          "current_key": "AIzaSyA6whJH1W0rAW5CZ72DU3RZUxFi-zWE2nQ"
        }
      ],
      "services": {
        "appinvite_service": {
          "other_platform_oauth_client": [
            {
              "client_id": "385693547865-8345fkttedhv4ovv2993q1ebqqmecu0f.apps.googleusercontent.com",
              "client_type": 3
            }
          ]
        }
      }
    }
  ],
  "configuration_version": "1"
}