{
  "project_info": {
    "project_number": "159623150305",
    "firebase_url": "https://flutter-firebase-plugins.firebaseio.com",
    "project_id": "flutter-firebase-plugins",
    "storage_bucket": "flutter-firebase-plugins.appspot.com"
  },
  "client": [
    {
      "client_info": {
        "mobilesdk_app_id": "1:159623150305:android:2e167f427b396288",
        "android_client_info": {
          "package_name": "dev.flutter.plugins.firebaseauthexample"
        }
      },
      "oauth_client": [
        {
          "client_id": "159623150305-q05bbbtsutr02abhips3suj7hujfk4bg.apps.googleusercontent.com",
          "client_type": 3
        }
      ],
      "api_key": [
        {
          "current_key": "AIzaSyChk3KEG7QYrs4kQPLP1tjJNxBTbfCAdgg"
        }
      ],
      "services": {
        "appinvite_service": {
          "other_platform_oauth_client": [
            {
              "client_id": "159623150305-q05bbbtsutr02abhips3suj7hujfk4bg.apps.googleusercontent.com",
              "client_type": 3
            },
            {
              "client_id": "159623150305-h67j0o93bcctblfhde74r7fssmcobamr.apps.googleusercontent.com",
              "client_type": 2,
              "ios_info": {
                "bundle_id": "io.flutter.plugins.firebaseAuthExample"
              }
            }
          ]
        }
      }
    },
    {
      "client_info": {
        "mobilesdk_app_id": "1:159623150305:android:236f9daea101f77e",
        "android_client_info": {
          "package_name": "io.flutter.plugins.firebase.firestoreexample"
        }
      },
      "oauth_client": [
        {
          "client_id": "159623150305-q05bbbtsutr02abhips3suj7hujfk4bg.apps.googleusercontent.com",
          "client_type": 3
        }
      ],
      "api_key": [
        {
          "current_key": "AIzaSyChk3KEG7QYrs4kQPLP1tjJNxBTbfCAdgg"
        }
      ],
      "services": {
        "appinvite_service": {
          "other_platform_oauth_client": [
            {
              "client_id": "159623150305-q05bbbtsutr02abhips3suj7hujfk4bg.apps.googleusercontent.com",
              "client_type": 3
            },
            {
              "client_id": "159623150305-h67j0o93bcctblfhde74r7fssmcobamr.apps.googleusercontent.com",
              "client_type": 2,
              "ios_info": {
                "bundle_id": "io.flutter.plugins.firebaseAuthExample"
              }
            }
          ]
        }
      }
    },
    {
      "client_info": {
        "mobilesdk_app_id": "1:159623150305:android:11e8f037a4a3ec3b",
        "android_client_info": {
          "package_name": "io.flutter.plugins.firebaseauthexample"
        }
      },
      "oauth_client": [
        {
          "client_id": "159623150305-6cf91dro1kro30hdlfp3rkod8mldc81c.apps.googleusercontent.com",
          "client_type": 1,
          "android_info": {
            "package_name": "io.flutter.plugins.firebaseauthexample",
            "certificate_hash": "4ef1514a34a8edf0f5b3ff7108d3497fa3449f69"
          }
        },
        {
          "client_id": "159623150305-pjkkv9ff9tgkmjs7kjalsqv2pp6ltj04.apps.googleusercontent.com",
          "client_type": 1,
          "android_info": {
            "package_name": "io.flutter.plugins.firebaseauthexample",
            "certificate_hash": "9ee6a0388f780cf93a852248905d2d3d83d8e50d"
          }
        },
        {
          "client_id": "159623150305-q05bbbtsutr02abhips3suj7hujfk4bg.apps.googleusercontent.com",
          "client_type": 3
        }
      ],
      "api_key": [
        {
          "current_key": "AIzaSyChk3KEG7QYrs4kQPLP1tjJNxBTbfCAdgg"
        }
      ],
      "services": {
        "appinvite_service": {
          "other_platform_oauth_client": [
            {
              "client_id": "159623150305-q05bbbtsutr02abhips3suj7hujfk4bg.apps.googleusercontent.com",
              "client_type": 3
            },
            {
              "client_id": "159623150305-h67j0o93bcctblfhde74r7fssmcobamr.apps.googleusercontent.com",
              "client_type": 2,
              "ios_info": {
                "bundle_id": "io.flutter.plugins.firebaseAuthExample"
              }
            }
          ]
        }
      }
    },
    {
      "client_info": {
        "mobilesdk_app_id": "1:159623150305:android:c68d3ad04a4046db",
        "android_client_info": {
          "package_name": "io.flutter.plugins.firebasedatabaseexample"
        }
      },
      "oauth_client": [
        {
          "client_id": "159623150305-j5cqghi5snpqptesd2mdjum7o35hiltb.apps.googleusercontent.com",
          "client_type": 1,
          "android_info": {
            "package_name": "io.flutter.plugins.firebasedatabaseexample",
            "certificate_hash": "9ee6a0388f780cf93a852248905d2d3d83d8e50d"
          }
        },
        {
          "client_id": "159623150305-q05bbbtsutr02abhips3suj7hujfk4bg.apps.googleusercontent.com",
          "client_type": 3
        }
      ],
      "api_key": [
        {
          "current_key": "AIzaSyChk3KEG7QYrs4kQPLP1tjJNxBTbfCAdgg"
        }
      ],
      "services": {
        "appinvite_service": {
          "other_platform_oauth_client": [
            {
              "client_id": "159623150305-q05bbbtsutr02abhips3suj7hujfk4bg.apps.googleusercontent.com",
              "client_type": 3
            },
            {
              "client_id": "159623150305-h67j0o93bcctblfhde74r7fssmcobamr.apps.googleusercontent.com",
              "client_type": 2,
              "ios_info": {
                "bundle_id": "io.flutter.plugins.firebaseAuthExample"
              }
            }
          ]
        }
      }
    },
    {
      "client_info": {
        "mobilesdk_app_id": "1:159623150305:android:620f0e4ca16cbddd",
        "android_client_info": {
          "package_name": "io.flutter.plugins.firebasemessagingexample"
        }
      },
      "oauth_client": [
        {
          "client_id": "159623150305-qubsrfqbnrp4vurajv72eujgk164nin0.apps.googleusercontent.com",
          "client_type": 1,
          "android_info": {
            "package_name": "io.flutter.plugins.firebasemessagingexample",
            "certificate_hash": "f8323ac5fe6e7adc1ddc5612e16b5d04d7f1358b"
          }
        },
        {
          "client_id": "159623150305-q05bbbtsutr02abhips3suj7hujfk4bg.apps.googleusercontent.com",
          "client_type": 3
        }
      ],
      "api_key": [
        {
          "current_key": "AIzaSyChk3KEG7QYrs4kQPLP1tjJNxBTbfCAdgg"
        }
      ],
      "services": {
        "appinvite_service": {
          "other_platform_oauth_client": [
            {
              "client_id": "159623150305-q05bbbtsutr02abhips3suj7hujfk4bg.apps.googleusercontent.com",
              "client_type": 3
            },
            {
              "client_id": "159623150305-h67j0o93bcctblfhde74r7fssmcobamr.apps.googleusercontent.com",
              "client_type": 2,
              "ios_info": {
                "bundle_id": "io.flutter.plugins.firebaseAuthExample"
              }
            }
          ]
        }
      }
    },
    {
      "client_info": {
        "mobilesdk_app_id": "1:159623150305:android:ef48439a0cc0263d",
        "android_client_info": {
          "package_name": "io.flutter.plugins.firebasestorageexample"
        }
      },
      "oauth_client": [
        {
          "client_id": "159623150305-q05bbbtsutr02abhips3suj7hujfk4bg.apps.googleusercontent.com",
          "client_type": 3
        }
      ],
      "api_key": [
        {
          "current_key": "AIzaSyChk3KEG7QYrs4kQPLP1tjJNxBTbfCAdgg"
        }
      ],
      "services": {
        "appinvite_service": {
          "other_platform_oauth_client": [
            {
              "client_id": "159623150305-q05bbbtsutr02abhips3suj7hujfk4bg.apps.googleusercontent.com",
              "client_type": 3
            },
            {
              "client_id": "159623150305-h67j0o93bcctblfhde74r7fssmcobamr.apps.googleusercontent.com",
              "client_type": 2,
              "ios_info": {
                "bundle_id": "io.flutter.plugins.firebaseAuthExample"
              }
            }
          ]
        }
      }
    },
    {
      "client_info": {
        "mobilesdk_app_id": "1:159623150305:android:5e9f1f89e134dc86",
        "android_client_info": {
          "package_name": "io.flutter.plugins.googlesigninexample"
        }
      },
      "oauth_client": [
        {
          "client_id": "159623150305-3suu3qq4vs3ki7uaigbtrh2aal1p9ram.apps.googleusercontent.com",
          "client_type": 1,
          "android_info": {
            "package_name": "io.flutter.plugins.googlesigninexample",
            "certificate_hash": "f8323ac5fe6e7adc1ddc5612e16b5d04d7f1358b"
          }
        },
        {
          "client_id": "159623150305-q05bbbtsutr02abhips3suj7hujfk4bg.apps.googleusercontent.com",
          "client_type": 3
        }
      ],
      "api_key": [
        {
          "current_key": "AIzaSyChk3KEG7QYrs4kQPLP1tjJNxBTbfCAdgg"
        }
      ],
      "services": {
        "appinvite_service": {
          "other_platform_oauth_client": [
            {
              "client_id": "159623150305-q05bbbtsutr02abhips3suj7hujfk4bg.apps.googleusercontent.com",
              "client_type": 3
            },
            {
              "client_id": "159623150305-h67j0o93bcctblfhde74r7fssmcobamr.apps.googleusercontent.com",
              "client_type": 2,
              "ios_info": {
                "bundle_id": "io.flutter.plugins.firebaseAuthExample"
              }
            }
          ]
        }
      }
    }
  ],
  "configuration_version": "1"
}